titulo,item_id,score,preco,link,categoria,imagem,post,status,data_criacao,log_aprovacao,status_telegram
Tênis Reserva Roma Masculino Casual Cano Baixo Elegante,MLB85461139997,70.0,255.99,https://meli.la/1dNWMoS,ofertas,https://http2.mlstatic.com/D_Q_NP_2X_876206-MLB85157928606_052025-AB-tnis-reserva-roma-masculino-casual-cano-baixo-elegante.webp,"WHATSAPP:
Produto: Tênis Reserva Roma Masculino Casual Cano Baixo Elegante
Preco: R$ 255.99
Link: https://meli.la/1dNWMoS

PROMOBIT:
Tênis Reserva Roma Masculino Casual Cano Baixo Elegante por R$ 255.99
https://meli.la/1dNWMoS

INSTAGRAM:
Produto: Tênis Reserva Roma Masculino Casual Cano Baixo Elegante
Preco: R$ 255.99
Link: https://meli.la/1dNWMoS",aprovado,2026-06-17 20:49,,enviado
Tênis Corrida adidas Boost Run Original Feminino,MLB93955563541,70.0,306.99,https://meli.la/1nxaKbc,ofertas,https://http2.mlstatic.com/D_Q_NP_2X_663909-MLB93955563541_102025-AB-tnis-corrida-adidas-boost-run-original-feminino.webp,"WHATSAPP:
Produto: Tênis Corrida adidas Boost Run Original Feminino
Preco: R$ 306.99
Link: https://meli.la/1nxaKbc

PROMOBIT:
Tênis Corrida adidas Boost Run Original Feminino por R$ 306.99
https://meli.la/1nxaKbc

INSTAGRAM:
Produto: Tênis Corrida adidas Boost Run Original Feminino
Preco: R$ 306.99
Link: https://meli.la/1nxaKbc",aprovado,2026-06-17 20:49,,enviado
Tênis Fila Vector Masculino Lançamento Treino Academia,MLB110805634459,70.0,178.99,https://meli.la/1a5jLAi,ofertas,https://http2.mlstatic.com/D_Q_NP_2X_767719-MLB100973979257_122025-AB-tnis-fila-vector-masculino-lancamento-treino-academia.webp,"WHATSAPP:
Produto: Tênis Fila Vector Masculino Lançamento Treino Academia
Preco: R$ 178.99
Link: https://meli.la/1a5jLAi

PROMOBIT:
Tênis Fila Vector Masculino Lançamento Treino Academia por R$ 178.99
https://meli.la/1a5jLAi

INSTAGRAM:
Produto: Tênis Fila Vector Masculino Lançamento Treino Academia
Preco: R$ 178.99
Link: https://meli.la/1a5jLAi",aprovado,2026-06-17 20:49,,enviado
Tênis Reserva Masculino Casual Cano Baixo Antiderrapante,MLB83332404511,70.0,265.99,https://meli.la/2RkB5RH,ofertas,https://http2.mlstatic.com/D_Q_NP_2X_792057-MLB83437899705_032025-AB-tnis-reserva-masculino-casual-cano-baixo-antiderrapante.webp,"WHATSAPP:
Produto: Tênis Reserva Masculino Casual Cano Baixo Antiderrapante
Preco: R$ 265.99
Link: https://meli.la/2RkB5RH

PROMOBIT:
Tênis Reserva Masculino Casual Cano Baixo Antiderrapante por R$ 265.99
https://meli.la/2RkB5RH

INSTAGRAM:
Produto: Tênis Reserva Masculino Casual Cano Baixo Antiderrapante
Preco: R$ 265.99
Link: https://meli.la/2RkB5RH",aprovado,2026-06-17 20:49,,enviado
Jogo De Lençol Cama Solteiro 02 Peças 400 Fios Ponto Palito C/ Elástico Hotel Cor Azul-marinho Liso,MLB45532516,50.0,27.93,https://meli.la/2qUDEsi,ofertas,https://http2.mlstatic.com/D_Q_NP_2X_790561-MLA109760431358_042026-AB.webp,"WHATSAPP:
Produto: Jogo De Lençol Cama Solteiro 02 Peças 400 Fios Ponto Palito C/ Elástico Hotel Cor Azul-marinho Liso
Preco: R$ 27.93
Link: https://meli.la/2qUDEsi

PROMOBIT:
Jogo De Lençol Cama Solteiro 02 Peças 400 Fios Ponto Palito C/ Elástico Hotel Cor Azul-marinho Liso por R$ 27.93
https://meli.la/2qUDEsi

INSTAGRAM:
Produto: Jogo De Lençol Cama Solteiro 02 Peças 400 Fios Ponto Palito C/ Elástico Hotel Cor Azul-marinho Liso
Preco: R$ 27.93
Link: https://meli.la/2qUDEsi",aprovado,2026-06-17 20:49,,enviado
Termogenico Thermocaps 200mg 60caps Ftw - Diabo Verde Sem Sabor,MLB12465919,70.0,32.57,https://meli.la/2vjp9hK,ofertas,https://http2.mlstatic.com/D_Q_NP_2X_672628-MLA99507477192_112025-AB.webp,"WHATSAPP:
Produto: Termogenico Thermocaps 200mg 60caps Ftw - Diabo Verde Sem Sabor
Preco: R$ 32.57
Link: https://meli.la/2vjp9hK

PROMOBIT:
Termogenico Thermocaps 200mg 60caps Ftw - Diabo Verde Sem Sabor por R$ 32.57
https://meli.la/2vjp9hK

INSTAGRAM:
Produto: Termogenico Thermocaps 200mg 60caps Ftw - Diabo Verde Sem Sabor
Preco: R$ 32.57
Link: https://meli.la/2vjp9hK",aprovado,2026-06-17 20:49,,enviado
Chinelo Ultra Leve Piccadilly Ortopédico Nuvem Marshmallow,MLB83357220054,70.0,56.99,https://meli.la/2eNcARV,ofertas,https://http2.mlstatic.com/D_Q_NP_2X_736468-MLB83357220054_042025-AB-chinelo-ultra-leve-piccadilly-ortopedico-nuvem-marshmallow.webp,"WHATSAPP:
Produto: Chinelo Ultra Leve Piccadilly Ortopédico Nuvem Marshmallow
Preco: R$ 56.99
Link: https://meli.la/2eNcARV

PROMOBIT:
Chinelo Ultra Leve Piccadilly Ortopédico Nuvem Marshmallow por R$ 56.99
https://meli.la/2eNcARV

INSTAGRAM:
Produto: Chinelo Ultra Leve Piccadilly Ortopédico Nuvem Marshmallow
Preco: R$ 56.99
Link: https://meli.la/2eNcARV",aprovado,2026-06-17 20:49,,enviado
Mochila Viagem Feminina Masculina Para Notebook Executiva,MLB110630239438,70.0,113.0,https://meli.la/1LAwghu,ofertas,https://http2.mlstatic.com/D_Q_NP_2X_986467-MLB112482124811_052026-AB-mochila-viagem-feminina-masculina-para-notebook-executiva.webp,"WHATSAPP:
Produto: Mochila Viagem Feminina Masculina Para Notebook Executiva
Preco: R$ 113.00
Link: https://meli.la/1LAwghu

PROMOBIT:
Mochila Viagem Feminina Masculina Para Notebook Executiva por R$ 113.00
https://meli.la/1LAwghu

INSTAGRAM:
Produto: Mochila Viagem Feminina Masculina Para Notebook Executiva
Preco: R$ 113.00
Link: https://meli.la/1LAwghu",aprovado,2026-06-17 20:49,,enviado
Kit 4 Cuecas Lupo Boxer Algodão Box Confortável Original,MLB112810074435,75.0,73.99,https://meli.la/1Z5Q6fp,ofertas,https://http2.mlstatic.com/D_Q_NP_2X_816818-MLB111722911858_062026-AB-kit-4-cuecas-lupo-boxer-algodo-box-confortavel-original.webp,"WHATSAPP:
Produto: Kit 4 Cuecas Lupo Boxer Algodão Box Confortável Original
Preco: R$ 73.99
Link: https://meli.la/1Z5Q6fp

PROMOBIT:
Kit 4 Cuecas Lupo Boxer Algodão Box Confortável Original por R$ 73.99
https://meli.la/1Z5Q6fp

INSTAGRAM:
Produto: Kit 4 Cuecas Lupo Boxer Algodão Box Confortável Original
Preco: R$ 73.99
Link: https://meli.la/1Z5Q6fp",aprovado,2026-06-17 20:49,,enviado
Kit Jogo De Ferramentas Completo C/ Soquetes E Chaves Tbt12940k The Black Tools Preto,MLB28859007,75.0,132.05,https://meli.la/2nr3Svk,ofertas,https://http2.mlstatic.com/D_Q_NP_2X_960101-MLA99504215182_112025-AB.webp,"WHATSAPP:
Produto: Kit Jogo De Ferramentas Completo C/ Soquetes E Chaves Tbt12940k The Black Tools Preto
Preco: R$ 132.05
Link: https://meli.la/2nr3Svk

PROMOBIT:
Kit Jogo De Ferramentas Completo C/ Soquetes E Chaves Tbt12940k The Black Tools Preto por R$ 132.05
https://meli.la/2nr3Svk

INSTAGRAM:
Produto: Kit Jogo De Ferramentas Completo C/ Soquetes E Chaves Tbt12940k The Black Tools Preto
Preco: R$ 132.05
Link: https://meli.la/2nr3Svk",aprovado,2026-06-17 20:49,,enviado
Cafe Capsula Café Torrado Capsulas Compatíveis Nespresso Capsula De Café Italle 50 Unidades,MLB21862682,70.0,60.0,https://meli.la/2q2TWeu,ofertas,https://http2.mlstatic.com/D_Q_NP_2X_990135-MLA99416731074_112025-AB.webp,"WHATSAPP:
Produto: Cafe Capsula Café Torrado Capsulas Compatíveis Nespresso Capsula De Café Italle 50 Unidades
Preco: R$ 60.00
Link: https://meli.la/2q2TWeu

PROMOBIT:
Cafe Capsula Café Torrado Capsulas Compatíveis Nespresso Capsula De Café Italle 50 Unidades por R$ 60.00
https://meli.la/2q2TWeu

INSTAGRAM:
Produto: Cafe Capsula Café Torrado Capsulas Compatíveis Nespresso Capsula De Café Italle 50 Unidades
Preco: R$ 60.00
Link: https://meli.la/2q2TWeu",aprovado,2026-06-17 20:49,,enviado
Calça Jogger Tactel Soltinha Slim Academia Esportiva,MLB111256104870,70.0,39.9,https://meli.la/2CaBf4U,ofertas,https://http2.mlstatic.com/D_Q_NP_2X_753355-MLB111255282870_052026-AB-calca-jogger-tactel-soltinha-slim-academia-esportiva.webp,"WHATSAPP:
Produto: Calça Jogger Tactel Soltinha Slim Academia Esportiva
Preco: R$ 39.90
Link: https://meli.la/2CaBf4U

PROMOBIT:
Calça Jogger Tactel Soltinha Slim Academia Esportiva por R$ 39.90
https://meli.la/2CaBf4U

INSTAGRAM:
Produto: Calça Jogger Tactel Soltinha Slim Academia Esportiva
Preco: R$ 39.90
Link: https://meli.la/2CaBf4U",aprovado,2026-06-17 20:49,,enviado
Câmera Residencial Infravermelho Ip Bullet Hilook By Hikvision Ipc-b121h-c(2.8mm) Branco,MLB51586079,70.0,145.0,https://meli.la/2qbQv7m,ofertas,https://http2.mlstatic.com/D_Q_NP_2X_646478-MLA100045902657_122025-AB.webp,"WHATSAPP:
Produto: Câmera Residencial Infravermelho Ip Bullet Hilook By Hikvision Ipc-b121h-c(2.8mm) Branco
Preco: R$ 145.00
Link: https://meli.la/2qbQv7m

PROMOBIT:
Câmera Residencial Infravermelho Ip Bullet Hilook By Hikvision Ipc-b121h-c(2.8mm) Branco por R$ 145.00
https://meli.la/2qbQv7m

INSTAGRAM:
Produto: Câmera Residencial Infravermelho Ip Bullet Hilook By Hikvision Ipc-b121h-c(2.8mm) Branco
Preco: R$ 145.00
Link: https://meli.la/2qbQv7m",aprovado,2026-06-17 20:49,,enviado
Ez Silver Essence - Eau De Parfum 100ml Exclusivo,MLB61105291,70.0,39.0,https://meli.la/2YTTcim,ofertas,https://http2.mlstatic.com/D_Q_NP_2X_601521-MLA95794149872_102025-AB.webp,"WHATSAPP:
Produto: Ez Silver Essence - Eau De Parfum 100ml Exclusivo
Preco: R$ 39.00
Link: https://meli.la/2YTTcim

PROMOBIT:
Ez Silver Essence - Eau De Parfum 100ml Exclusivo por R$ 39.00
https://meli.la/2YTTcim

INSTAGRAM:
Produto: Ez Silver Essence - Eau De Parfum 100ml Exclusivo
Preco: R$ 39.00
Link: https://meli.la/2YTTcim",aprovado,2026-06-17 20:49,,enviado
Tenis Branco Feminino Esportivo Vili Olimp Academia Treino,MLB105511107400,70.0,85.4,https://meli.la/1n1u5SW,ofertas,https://http2.mlstatic.com/D_Q_NP_2X_603676-MLB106109346865_012026-AB-tenis-branco-feminino-esportivo-vili-olimp-academia-treino.webp,"WHATSAPP:
Produto: Tenis Branco Feminino Esportivo Vili Olimp Academia Treino
Preco: R$ 85.40
Link: https://meli.la/1n1u5SW

PROMOBIT:
Tenis Branco Feminino Esportivo Vili Olimp Academia Treino por R$ 85.40
https://meli.la/1n1u5SW

INSTAGRAM:
Produto: Tenis Branco Feminino Esportivo Vili Olimp Academia Treino
Preco: R$ 85.40
Link: https://meli.la/1n1u5SW",aprovado,2026-06-17 20:49,,enviado
Jogo Kit De Soquetes Ferramentas Manuais Chave Catraca Reversível 1/2 Pol 8 A 32mm Cor Amarelo Bcs022 The Black Tools,MLB31768611,75.0,138.9,https://meli.la/1BpwVe8,ofertas,https://http2.mlstatic.com/D_Q_NP_2X_952152-MLA100025553375_122025-AB.webp,"WHATSAPP:
Produto: Jogo Kit De Soquetes Ferramentas Manuais Chave Catraca Reversível 1/2 Pol 8 A 32mm Cor Amarelo Bcs022 The Black Tools
Preco: R$ 138.90
Link: https://meli.la/1BpwVe8

PROMOBIT:
Jogo Kit De Soquetes Ferramentas Manuais Chave Catraca Reversível 1/2 Pol 8 A 32mm Cor Amarelo Bcs022 The Black Tools por R$ 138.90
https://meli.la/1BpwVe8

INSTAGRAM:
Produto: Jogo Kit De Soquetes Ferramentas Manuais Chave Catraca Reversível 1/2 Pol 8 A 32mm Cor Amarelo Bcs022 The Black Tools
Preco: R$ 138.90
Link: https://meli.la/1BpwVe8",aprovado,2026-06-17 20:49,,enviado
Blusas Camisa Feminina Proteção Uv Academia Treino Caminhada,MLB98393158897,70.0,33.3,https://meli.la/1EKyyti,ofertas,https://http2.mlstatic.com/D_Q_NP_2X_634342-MLB98393158897_112025-AB-blusas-camisa-feminina-proteco-uv-academia-treino-caminhada.webp,"WHATSAPP:
Produto: Blusas Camisa Feminina Proteção Uv Academia Treino Caminhada
Preco: R$ 33.30
Link: https://meli.la/1EKyyti

PROMOBIT:
Blusas Camisa Feminina Proteção Uv Academia Treino Caminhada por R$ 33.30
https://meli.la/1EKyyti

INSTAGRAM:
Produto: Blusas Camisa Feminina Proteção Uv Academia Treino Caminhada
Preco: R$ 33.30
Link: https://meli.la/1EKyyti",aprovado,2026-06-17 20:49,,enviado
Caminha Redonda Pet Sherpa Cama Para Cães Gatos Macia Quente,MLB111287768550,70.0,30.99,https://meli.la/2nkQaNx,ofertas,https://http2.mlstatic.com/D_Q_NP_2X_976979-MLB91426990432_092025-AB-caminha-redonda-pet-sherpa-cama-para-ces-gatos-macia-quente.webp,"WHATSAPP:
Produto: Caminha Redonda Pet Sherpa Cama Para Cães Gatos Macia Quente
Preco: R$ 30.99
Link: https://meli.la/2nkQaNx

PROMOBIT:
Caminha Redonda Pet Sherpa Cama Para Cães Gatos Macia Quente por R$ 30.99
https://meli.la/2nkQaNx

INSTAGRAM:
Produto: Caminha Redonda Pet Sherpa Cama Para Cães Gatos Macia Quente
Preco: R$ 30.99
Link: https://meli.la/2nkQaNx",aprovado,2026-06-17 20:49,,enviado
Console Playstation 5 Pro 2tb Branco Sony Bivolt Branco,MLB41975964,80.0,6599.0,https://meli.la/1whCmGS,ofertas,https://http2.mlstatic.com/D_Q_NP_2X_727482-MLA99962144409_112025-AB.webp,"WHATSAPP:
Produto: Console Playstation 5 Pro 2tb Branco Sony Bivolt Branco
Preco: R$ 6599.00
Link: https://meli.la/1whCmGS

PROMOBIT:
Console Playstation 5 Pro 2tb Branco Sony Bivolt Branco por R$ 6599.00
https://meli.la/1whCmGS

INSTAGRAM:
Produto: Console Playstation 5 Pro 2tb Branco Sony Bivolt Branco
Preco: R$ 6599.00
Link: https://meli.la/1whCmGS",pendente,2026-06-17 21:33,,
Impressora Multifuncional Hp Smart Tank 584 - Preta Preto 127/220v,MLB34801962,90.0,716.4,https://meli.la/1sBEqkA,ofertas,https://http2.mlstatic.com/D_Q_NP_2X_883539-MLA112255562562_062026-AB.webp,"WHATSAPP:
Produto: Impressora Multifuncional Hp Smart Tank 584 - Preta Preto 127/220v
Preco: R$ 716.40
Link: https://meli.la/1sBEqkA

PROMOBIT:
Impressora Multifuncional Hp Smart Tank 584 - Preta Preto 127/220v por R$ 716.40
https://meli.la/1sBEqkA

INSTAGRAM:
Produto: Impressora Multifuncional Hp Smart Tank 584 - Preta Preto 127/220v
Preco: R$ 716.40
Link: https://meli.la/1sBEqkA",aprovado,2026-06-17 21:33,,enviado
"Escada Articulada 4x4 Em Alumínio 16 Degraus 4,48m - Reisam",MLB22805343,70.0,533.5,https://meli.la/1rJGNit,ofertas,https://http2.mlstatic.com/D_Q_NP_2X_715916-MLA99521624378_122025-AB.webp,"WHATSAPP:
Produto: Escada Articulada 4x4 Em Alumínio 16 Degraus 4,48m - Reisam
Preco: R$ 533.50
Link: https://meli.la/1rJGNit

PROMOBIT:
Escada Articulada 4x4 Em Alumínio 16 Degraus 4,48m - Reisam por R$ 533.50
https://meli.la/1rJGNit

INSTAGRAM:
Produto: Escada Articulada 4x4 Em Alumínio 16 Degraus 4,48m - Reisam
Preco: R$ 533.50
Link: https://meli.la/1rJGNit",pendente,2026-06-17 21:33,,
"Piso Adesivo Vinilico Autocolante Madeira 1,67m2 Meupiso",MLB112808924525,90.0,27.53,https://meli.la/1q8nQSu,ofertas,https://http2.mlstatic.com/D_Q_NP_2X_645380-MLB112808924525_062026-AB-piso-adesivo-vinilico-autocolante-madeira-167m2-meupiso.webp,"WHATSAPP:
Produto: Piso Adesivo Vinilico Autocolante Madeira 1,67m2 Meupiso
Preco: R$ 27.53
Link: https://meli.la/1q8nQSu

PROMOBIT:
Piso Adesivo Vinilico Autocolante Madeira 1,67m2 Meupiso por R$ 27.53
https://meli.la/1q8nQSu

INSTAGRAM:
Produto: Piso Adesivo Vinilico Autocolante Madeira 1,67m2 Meupiso
Preco: R$ 27.53
Link: https://meli.la/1q8nQSu",aprovado,2026-06-17 21:33,,enviado
"Cortina Blackout Blecaute 2,20x130 Sala Cozinha Quarto Voil",MLB86088934078,90.0,59.21,https://meli.la/2fhmTbd,ofertas,https://http2.mlstatic.com/D_Q_NP_2X_739803-MLB85922828873_062025-AB-cortina-blackout-blecaute-220x130-sala-cozinha-quarto-voil.webp,"WHATSAPP:
Produto: Cortina Blackout Blecaute 2,20x130 Sala Cozinha Quarto Voil
Preco: R$ 59.21
Link: https://meli.la/2fhmTbd

PROMOBIT:
Cortina Blackout Blecaute 2,20x130 Sala Cozinha Quarto Voil por R$ 59.21
https://meli.la/2fhmTbd

INSTAGRAM:
Produto: Cortina Blackout Blecaute 2,20x130 Sala Cozinha Quarto Voil
Preco: R$ 59.21
Link: https://meli.la/2fhmTbd",pendente,2026-06-17 21:33,,
Tênis Lacoste T-base Lancamento,MLB93205744763,110.0,219.99,https://meli.la/2UySXXB,ofertas,https://http2.mlstatic.com/D_Q_NP_2X_809180-MLB90915288241_082025-AB-tnis-lacoste-t-base-lancamento.webp,"WHATSAPP:
Produto: Tênis Lacoste T-base Lancamento
Preco: R$ 219.99
Link: https://meli.la/2UySXXB

PROMOBIT:
Tênis Lacoste T-base Lancamento por R$ 219.99
https://meli.la/2UySXXB

INSTAGRAM:
Produto: Tênis Lacoste T-base Lancamento
Preco: R$ 219.99
Link: https://meli.la/2UySXXB",aprovado,2026-06-17 21:33,,enviado
Banqueta Império Brazil Business Slim Cor Preto X 2 Unidades 114cm De Altura,MLB28118778,110.0,417.12,https://meli.la/1qipNik,ofertas,https://http2.mlstatic.com/D_Q_NP_2X_904317-MLA96417365316_102025-AB.webp,"WHATSAPP:
Produto: Banqueta Império Brazil Business Slim Cor Preto X 2 Unidades 114cm De Altura
Preco: R$ 417.12
Link: https://meli.la/1qipNik

PROMOBIT:
Banqueta Império Brazil Business Slim Cor Preto X 2 Unidades 114cm De Altura por R$ 417.12
https://meli.la/1qipNik

INSTAGRAM:
Produto: Banqueta Império Brazil Business Slim Cor Preto X 2 Unidades 114cm De Altura
Preco: R$ 417.12
Link: https://meli.la/1qipNik",aprovado,2026-06-17 21:33,,enviado
Kit 10 Refletor Led Slim Externo 200w 6500k Branco Frio Ip66 110v/220v Bivolt Preto Cod: Alut000702-10 Alut By Avant 127/220v Branco Frio 6500k,MLB50997160,95.0,590.9,https://meli.la/1jmeQGs,ofertas,https://http2.mlstatic.com/D_Q_NP_2X_725535-MLA112214741288_062026-AB.webp,"WHATSAPP:
Produto: Kit 10 Refletor Led Slim Externo 200w 6500k Branco Frio Ip66 110v/220v Bivolt Preto Cod: Alut000702-10 Alut By Avant 127/220v Branco Frio 6500k
Preco: R$ 590.90
Link: https://meli.la/1jmeQGs

PROMOBIT:
Kit 10 Refletor Led Slim Externo 200w 6500k Branco Frio Ip66 110v/220v Bivolt Preto Cod: Alut000702-10 Alut By Avant 127/220v Branco Frio 6500k por R$ 590.90
https://meli.la/1jmeQGs

INSTAGRAM:
Produto: Kit 10 Refletor Led Slim Externo 200w 6500k Branco Frio Ip66 110v/220v Bivolt Preto Cod: Alut000702-10 Alut By Avant 127/220v Branco Frio 6500k
Preco: R$ 590.90
Link: https://meli.la/1jmeQGs",aprovado,2026-06-17 21:33,,enviado
"Cortina 3,00x2,80 Metros Blackout Blecaute Palha Corta Luz Em Tecido Grosso Para Quarto E Sala Casa Laura Enxovais",MLB29614932,110.0,73.62,https://meli.la/2QbSJef,ofertas,https://http2.mlstatic.com/D_Q_NP_2X_750197-MLA99506070940_112025-AB.webp,"WHATSAPP:
Produto: Cortina 3,00x2,80 Metros Blackout Blecaute Palha Corta Luz Em Tecido Grosso Para Quarto E Sala Casa Laura Enxovais
Preco: R$ 73.62
Link: https://meli.la/2QbSJef

PROMOBIT:
Cortina 3,00x2,80 Metros Blackout Blecaute Palha Corta Luz Em Tecido Grosso Para Quarto E Sala Casa Laura Enxovais por R$ 73.62
https://meli.la/2QbSJef

INSTAGRAM:
Produto: Cortina 3,00x2,80 Metros Blackout Blecaute Palha Corta Luz Em Tecido Grosso Para Quarto E Sala Casa Laura Enxovais
Preco: R$ 73.62
Link: https://meli.la/2QbSJef",aprovado,2026-06-17 21:33,,enviado
Roupão Masculino Pollo Hobby Plush Flannel Para Frio Inverno,MLB111112711213,110.0,106.43,https://meli.la/13Bmbz9,ofertas,https://http2.mlstatic.com/D_Q_NP_2X_726054-MLB111112711213_052026-AB-roupo-masculino-pollo-hobby-plush-flannel-para-frio-inverno.webp,"WHATSAPP:
Produto: Roupão Masculino Pollo Hobby Plush Flannel Para Frio Inverno
Preco: R$ 106.43
Link: https://meli.la/13Bmbz9

PROMOBIT:
Roupão Masculino Pollo Hobby Plush Flannel Para Frio Inverno por R$ 106.43
https://meli.la/13Bmbz9

INSTAGRAM:
Produto: Roupão Masculino Pollo Hobby Plush Flannel Para Frio Inverno
Preco: R$ 106.43
Link: https://meli.la/13Bmbz9",aprovado,2026-06-17 21:33,,enviado
Riscadeira Pisos Profissional Cortador Manual Porcelanato Azulejo 120 Cm Guia Laser 18 Rolamentos Ttc240 The Black Tools,MLB63550920,90.0,759.9,https://meli.la/2tPhNMG,ofertas,https://http2.mlstatic.com/D_Q_NP_2X_857163-MLA102502546834_122025-AB.webp,"WHATSAPP:
Produto: Riscadeira Pisos Profissional Cortador Manual Porcelanato Azulejo 120 Cm Guia Laser 18 Rolamentos Ttc240 The Black Tools
Preco: R$ 759.90
Link: https://meli.la/2tPhNMG

PROMOBIT:
Riscadeira Pisos Profissional Cortador Manual Porcelanato Azulejo 120 Cm Guia Laser 18 Rolamentos Ttc240 The Black Tools por R$ 759.90
https://meli.la/2tPhNMG

INSTAGRAM:
Produto: Riscadeira Pisos Profissional Cortador Manual Porcelanato Azulejo 120 Cm Guia Laser 18 Rolamentos Ttc240 The Black Tools
Preco: R$ 759.90
Link: https://meli.la/2tPhNMG",aprovado,2026-06-17 21:33,,enviado
"4 Conjunto Catraca Amarração Cinta Preta 4,6 Metros 800kg",MLB83623356128,100.0,65.76,https://meli.la/1AMG5Ny,ofertas,https://http2.mlstatic.com/D_Q_NP_2X_993915-MLB100361444451_122025-AB-4-conjunto-catraca-amarraco-cinta-preta-46-metros-800kg.webp,"WHATSAPP:
Produto: 4 Conjunto Catraca Amarração Cinta Preta 4,6 Metros 800kg
Preco: R$ 65.76
Link: https://meli.la/1AMG5Ny

PROMOBIT:
4 Conjunto Catraca Amarração Cinta Preta 4,6 Metros 800kg por R$ 65.76
https://meli.la/1AMG5Ny

INSTAGRAM:
Produto: 4 Conjunto Catraca Amarração Cinta Preta 4,6 Metros 800kg
Preco: R$ 65.76
Link: https://meli.la/1AMG5Ny",pendente,2026-06-17 21:33,,
Tapete Higiênico 80x60 30un Pata Limpa Descartável Cachorro Pet Cão Fralda Manta Absorvente Branco,MLB60204100,110.0,56.9,https://meli.la/1WHCNd5,ofertas,https://http2.mlstatic.com/D_Q_NP_2X_841319-MLA99961598527_112025-AB.webp,"WHATSAPP:
Produto: Tapete Higiênico 80x60 30un Pata Limpa Descartável Cachorro Pet Cão Fralda Manta Absorvente Branco
Preco: R$ 56.90
Link: https://meli.la/1WHCNd5

PROMOBIT:
Tapete Higiênico 80x60 30un Pata Limpa Descartável Cachorro Pet Cão Fralda Manta Absorvente Branco por R$ 56.90
https://meli.la/1WHCNd5

INSTAGRAM:
Produto: Tapete Higiênico 80x60 30un Pata Limpa Descartável Cachorro Pet Cão Fralda Manta Absorvente Branco
Preco: R$ 56.90
Link: https://meli.la/1WHCNd5",aprovado,2026-06-17 21:33,,enviado
Mini Projetor Davely Hy300 4k Android Com Wi-fi E Bluetooth Branco 127/220v,MLB48955624,82.0,173.9,https://meli.la/2PLFSUV,ofertas,https://http2.mlstatic.com/D_Q_NP_2X_902043-MLA96988011016_112025-AB.webp,"WHATSAPP:
Produto: Mini Projetor Davely Hy300 4k Android Com Wi-fi E Bluetooth Branco 127/220v
Preco: R$ 173.90
Link: https://meli.la/2PLFSUV

PROMOBIT:
Mini Projetor Davely Hy300 4k Android Com Wi-fi E Bluetooth Branco 127/220v por R$ 173.90
https://meli.la/2PLFSUV

INSTAGRAM:
Produto: Mini Projetor Davely Hy300 4k Android Com Wi-fi E Bluetooth Branco 127/220v
Preco: R$ 173.90
Link: https://meli.la/2PLFSUV",pendente,2026-06-18 10:38,Pendente na fila: score 82 >= 70; link afiliado existe; preço válido R$ 173.90; preço confiável; tipo_promocao=oferta_do_dia; desconto 41%,
Tenis Mizuno Jet 8 Masculino,MLB110345645894,82.0,240.94,https://meli.la/1GmZJ8f,ofertas,https://http2.mlstatic.com/D_Q_NP_2X_923785-MLB107391725800_032026-AB-tenis-mizuno-jet-8-masculino.webp,"WHATSAPP:
Produto: Tenis Mizuno Jet 8 Masculino
Preco: R$ 240.94
Link: https://meli.la/1GmZJ8f

PROMOBIT:
Tenis Mizuno Jet 8 Masculino por R$ 240.94
https://meli.la/1GmZJ8f

INSTAGRAM:
Produto: Tenis Mizuno Jet 8 Masculino
Preco: R$ 240.94
Link: https://meli.la/1GmZJ8f",pendente,2026-06-18 10:38,Pendente na fila: score 82 >= 70; link afiliado existe; preço válido R$ 240.94; preço confiável; tipo_promocao=oferta_do_dia; desconto 39%,
"Sofá Veneza 2,40m Retrátil Reclinável Grafite Usb Porta Copo Grafite",MLB779362,72.0,1444.0,https://meli.la/2XnA2wB,ofertas,https://http2.mlstatic.com/D_Q_NP_2X_952142-MLB95484341326_102025-AB.webp,"WHATSAPP:
Produto: Sofá Veneza 2,40m Retrátil Reclinável Grafite Usb Porta Copo Grafite
Preco: R$ 1444.00
Link: https://meli.la/2XnA2wB

PROMOBIT:
Sofá Veneza 2,40m Retrátil Reclinável Grafite Usb Porta Copo Grafite por R$ 1444.00
https://meli.la/2XnA2wB

INSTAGRAM:
Produto: Sofá Veneza 2,40m Retrátil Reclinável Grafite Usb Porta Copo Grafite
Preco: R$ 1444.00
Link: https://meli.la/2XnA2wB",pendente,2026-06-18 10:38,Pendente na fila: score 72 >= 70; link afiliado existe; preço válido R$ 1444.00; preço confiável; tipo_promocao=oferta_do_dia; desconto 36%,
Café Em Grao Torrado Expresso Arábica Torra Escura Grãos 1kg Gourmet Cafe Italle,MLB19542141,82.0,62.0,https://meli.la/2Rnf7q2,ofertas,https://http2.mlstatic.com/D_Q_NP_2X_620439-MLA99452591834_112025-AB.webp,"WHATSAPP:
Produto: Café Em Grao Torrado Expresso Arábica Torra Escura Grãos 1kg Gourmet Cafe Italle
Preco: R$ 62.00
Link: https://meli.la/2Rnf7q2

PROMOBIT:
Café Em Grao Torrado Expresso Arábica Torra Escura Grãos 1kg Gourmet Cafe Italle por R$ 62.00
https://meli.la/2Rnf7q2

INSTAGRAM:
Produto: Café Em Grao Torrado Expresso Arábica Torra Escura Grãos 1kg Gourmet Cafe Italle
Preco: R$ 62.00
Link: https://meli.la/2Rnf7q2",pendente,2026-06-18 10:38,Pendente na fila: score 82 >= 70; link afiliado existe; preço válido R$ 62.00; preço confiável; tipo_promocao=oferta_do_dia; desconto 37%,
Balança Bioimpedancia Digital 180kg Smart Imc Profissional Rishon Com Aplicativo Preto,MLB68838381,75.0,28.87,https://meli.la/2Cezq9d,ofertas,https://http2.mlstatic.com/D_Q_NP_2X_957981-MLA110124413534_042026-AB.webp,"WHATSAPP:
Produto: Balança Bioimpedancia Digital 180kg Smart Imc Profissional Rishon Com Aplicativo Preto
Preco: R$ 28.87
Link: https://meli.la/2Cezq9d

PROMOBIT:
Balança Bioimpedancia Digital 180kg Smart Imc Profissional Rishon Com Aplicativo Preto por R$ 28.87
https://meli.la/2Cezq9d

INSTAGRAM:
Produto: Balança Bioimpedancia Digital 180kg Smart Imc Profissional Rishon Com Aplicativo Preto
Preco: R$ 28.87
Link: https://meli.la/2Cezq9d",pendente,2026-06-18 10:38,Pendente na fila: score 75 >= 70; link afiliado existe; preço válido R$ 28.87; preço confiável; tipo_promocao=oferta_relampago; desconto 63%,
Bola Volei 8.0 Pró Penalty Quadra Selo Fivb Amarelo Amarelo/roxo,MLB24438946,79.0,284.99,https://meli.la/1LanpxL,ofertas,https://http2.mlstatic.com/D_Q_NP_2X_892159-MLA99961034565_112025-AB.webp,"WHATSAPP:
Produto: Bola Volei 8.0 Pró Penalty Quadra Selo Fivb Amarelo Amarelo/roxo
Preco: R$ 284.99
Link: https://meli.la/1LanpxL

PROMOBIT:
Bola Volei 8.0 Pró Penalty Quadra Selo Fivb Amarelo Amarelo/roxo por R$ 284.99
https://meli.la/1LanpxL

INSTAGRAM:
Produto: Bola Volei 8.0 Pró Penalty Quadra Selo Fivb Amarelo Amarelo/roxo
Preco: R$ 284.99
Link: https://meli.la/1LanpxL",pendente,2026-06-18 10:38,Pendente na fila: score 79 >= 70; link afiliado existe; preço válido R$ 284.99; preço confiável; tipo_promocao=oferta_relampago; desconto 26%,
Testo Essencial - Fórmula Exclusiva Com Feno Grego + Boro + Arginina + Zma + Vitamina B6 - Precursor Da Testosterona - 60 Cápsulas Sem Sabor,MLB58582424,82.0,57.77,https://meli.la/15QHb9d,ofertas,https://http2.mlstatic.com/D_Q_NP_2X_991094-MLA97048061291_112025-AB.webp,"WHATSAPP:
Produto: Testo Essencial - Fórmula Exclusiva Com Feno Grego + Boro + Arginina + Zma + Vitamina B6 - Precursor Da Testosterona - 60 Cápsulas Sem Sabor
Preco: R$ 57.77
Link: https://meli.la/15QHb9d

PROMOBIT:
Testo Essencial - Fórmula Exclusiva Com Feno Grego + Boro + Arginina + Zma + Vitamina B6 - Precursor Da Testosterona - 60 Cápsulas Sem Sabor por R$ 57.77
https://meli.la/15QHb9d

INSTAGRAM:
Produto: Testo Essencial - Fórmula Exclusiva Com Feno Grego + Boro + Arginina + Zma + Vitamina B6 - Precursor Da Testosterona - 60 Cápsulas Sem Sabor
Preco: R$ 57.77
Link: https://meli.la/15QHb9d",pendente,2026-06-18 10:38,Pendente na fila: score 82 >= 70; link afiliado existe; preço válido R$ 57.77; preço confiável; tipo_promocao=oferta_relampago; desconto 37%,
Pistola De Pintura E Pulverizadora Elétrica Portátil Hvlp 1.250l C/5 Bicos E Acessórios 600w Tpp150 The Black Tools Amarelo 220v,MLB55898949,82.0,192.9,https://meli.la/1ZxmJ2K,ofertas,https://http2.mlstatic.com/D_Q_NP_2X_888248-MLA109322110405_032026-AB.webp,"WHATSAPP:
Produto: Pistola De Pintura E Pulverizadora Elétrica Portátil Hvlp 1.250l C/5 Bicos E Acessórios 600w Tpp150 The Black Tools Amarelo 220v
Preco: R$ 192.90
Link: https://meli.la/1ZxmJ2K

PROMOBIT:
Pistola De Pintura E Pulverizadora Elétrica Portátil Hvlp 1.250l C/5 Bicos E Acessórios 600w Tpp150 The Black Tools Amarelo 220v por R$ 192.90
https://meli.la/1ZxmJ2K

INSTAGRAM:
Produto: Pistola De Pintura E Pulverizadora Elétrica Portátil Hvlp 1.250l C/5 Bicos E Acessórios 600w Tpp150 The Black Tools Amarelo 220v
Preco: R$ 192.90
Link: https://meli.la/1ZxmJ2K",pendente,2026-06-18 10:38,Pendente na fila: score 82 >= 70; link afiliado existe; preço válido R$ 192.90; preço confiável; tipo_promocao=oferta_do_dia; desconto 35%,
Mini Compressor Ar Calibrador Encher Pneu Portátil Digital,MLB100882551263,79.0,109.03,https://meli.la/2NqU35y,ofertas,https://http2.mlstatic.com/D_Q_NP_2X_847949-MLB94330460424_102025-AB-mini-compressor-ar-calibrador-encher-pneu-portatil-digital.webp,"WHATSAPP:
Produto: Mini Compressor Ar Calibrador Encher Pneu Portátil Digital
Preco: R$ 109.03
Link: https://meli.la/2NqU35y

PROMOBIT:
Mini Compressor Ar Calibrador Encher Pneu Portátil Digital por R$ 109.03
https://meli.la/2NqU35y

INSTAGRAM:
Produto: Mini Compressor Ar Calibrador Encher Pneu Portátil Digital
Preco: R$ 109.03
Link: https://meli.la/2NqU35y",pendente,2026-06-18 10:38,Pendente na fila: score 79 >= 70; link afiliado existe; preço válido R$ 109.03; preço confiável; tipo_promocao=oferta_do_dia; desconto 26%,
Tênis Vizzano Feminino Off White Leve Academia 1440.107,MLB86033825762,79.0,158.27,https://meli.la/2RFCF9W,ofertas,https://http2.mlstatic.com/D_Q_NP_2X_958980-MLB86033825762_062025-AB-tnis-vizzano-feminino-off-white-leve-academia-1440107.webp,"WHATSAPP:
Produto: Tênis Vizzano Feminino Off White Leve Academia 1440.107
Preco: R$ 158.27
Link: https://meli.la/2RFCF9W

PROMOBIT:
Tênis Vizzano Feminino Off White Leve Academia 1440.107 por R$ 158.27
https://meli.la/2RFCF9W

INSTAGRAM:
Produto: Tênis Vizzano Feminino Off White Leve Academia 1440.107
Preco: R$ 158.27
Link: https://meli.la/2RFCF9W",pendente,2026-06-18 10:38,Pendente na fila: score 79 >= 70; link afiliado existe; preço válido R$ 158.27; preço confiável; tipo_promocao=oferta_relampago; desconto 28%,
Balança Digital De Precisão 10kg Davely Cook Cozinha Para Uso Domestico E Profissional Fitness Ideal Para Dietas Treinos Alimentos Confeitaria Nutrição Branco 10 Kg,MLB65131882,72.0,19.3,https://meli.la/1qJrdqA,ofertas,https://http2.mlstatic.com/D_Q_NP_2X_977172-MLA107049793514_022026-AB.webp,"WHATSAPP:
Produto: Balança Digital De Precisão 10kg Davely Cook Cozinha Para Uso Domestico E Profissional Fitness Ideal Para Dietas Treinos Alimentos Confeitaria Nutrição Branco 10 Kg
Preco: R$ 19.30
Link: https://meli.la/1qJrdqA

PROMOBIT:
Balança Digital De Precisão 10kg Davely Cook Cozinha Para Uso Domestico E Profissional Fitness Ideal Para Dietas Treinos Alimentos Confeitaria Nutrição Branco 10 Kg por R$ 19.30
https://meli.la/1qJrdqA

INSTAGRAM:
Produto: Balança Digital De Precisão 10kg Davely Cook Cozinha Para Uso Domestico E Profissional Fitness Ideal Para Dietas Treinos Alimentos Confeitaria Nutrição Branco 10 Kg
Preco: R$ 19.30
Link: https://meli.la/1qJrdqA",pendente,2026-06-18 10:38,Pendente na fila: score 72 >= 70; link afiliado existe; preço válido R$ 19.30; preço confiável; tipo_promocao=oferta_do_dia; desconto 44%,
Lanterna Mais Forte Do Mundo Recarregável Tática Potente Led Apfer,MLB65530475,82.0,45.82,https://meli.la/2wdTc6M,ofertas,https://http2.mlstatic.com/D_Q_NP_2X_717789-MLA106467937608_022026-AB.webp,"WHATSAPP:
Produto: Lanterna Mais Forte Do Mundo Recarregável Tática Potente Led Apfer
Preco: R$ 45.82
Link: https://meli.la/2wdTc6M

PROMOBIT:
Lanterna Mais Forte Do Mundo Recarregável Tática Potente Led Apfer por R$ 45.82
https://meli.la/2wdTc6M

INSTAGRAM:
Produto: Lanterna Mais Forte Do Mundo Recarregável Tática Potente Led Apfer
Preco: R$ 45.82
Link: https://meli.la/2wdTc6M",pendente,2026-06-18 10:38,Pendente na fila: score 82 >= 70; link afiliado existe; preço válido R$ 45.82; preço confiável; tipo_promocao=oferta_relampago; desconto 42%,
Nac 600mg - Fórmula Exclusiva Com Máxima Concentração E Pureza - N-acetil L-cisteína - 60 Cápsulas Sem Sabor,MLB58579835,82.0,46.77,https://meli.la/2D7VMce,ofertas,https://http2.mlstatic.com/D_Q_NP_2X_628799-MLA105714524195_012026-AB.webp,"WHATSAPP:
Produto: Nac 600mg - Fórmula Exclusiva Com Máxima Concentração E Pureza - N-acetil L-cisteína - 60 Cápsulas Sem Sabor
Preco: R$ 46.77
Link: https://meli.la/2D7VMce

PROMOBIT:
Nac 600mg - Fórmula Exclusiva Com Máxima Concentração E Pureza - N-acetil L-cisteína - 60 Cápsulas Sem Sabor por R$ 46.77
https://meli.la/2D7VMce

INSTAGRAM:
Produto: Nac 600mg - Fórmula Exclusiva Com Máxima Concentração E Pureza - N-acetil L-cisteína - 60 Cápsulas Sem Sabor
Preco: R$ 46.77
Link: https://meli.la/2D7VMce",pendente,2026-06-18 10:38,Pendente na fila: score 82 >= 70; link afiliado existe; preço válido R$ 46.77; preço confiável; tipo_promocao=oferta_relampago; desconto 47%,
"Tapete 2,00x1,50 Peludo Felpudo Para Sala E Quarto Cores Cor Bege-mesclado Desenho Do Tecido Pelo Alto Casa Laura... 2 M 1.5 M",MLB39156440,82.0,59.9,https://meli.la/249LrMY,ofertas,https://http2.mlstatic.com/D_Q_NP_2X_755662-MLA99498152944_112025-AB.webp,"WHATSAPP:
Produto: Tapete 2,00x1,50 Peludo Felpudo Para Sala E Quarto Cores Cor Bege-mesclado Desenho Do Tecido Pelo Alto Casa Laura... 2 M 1.5 M
Preco: R$ 59.90
Link: https://meli.la/249LrMY

PROMOBIT:
Tapete 2,00x1,50 Peludo Felpudo Para Sala E Quarto Cores Cor Bege-mesclado Desenho Do Tecido Pelo Alto Casa Laura... 2 M 1.5 M por R$ 59.90
https://meli.la/249LrMY

INSTAGRAM:
Produto: Tapete 2,00x1,50 Peludo Felpudo Para Sala E Quarto Cores Cor Bege-mesclado Desenho Do Tecido Pelo Alto Casa Laura... 2 M 1.5 M
Preco: R$ 59.90
Link: https://meli.la/249LrMY",pendente,2026-06-18 10:38,Pendente na fila: score 82 >= 70; link afiliado existe; preço válido R$ 59.90; preço confiável; tipo_promocao=oferta_do_dia; desconto 48%,
Vestido Quadrilha Xadrez Feminino Ombro A Ombro Festa Junina,MLB113308850529,85.0,138.9,https://meli.la/2qfVY84,ofertas,https://http2.mlstatic.com/D_Q_NP_2X_766281-MLB113308850529_062026-AB-vestido-quadrilha-xadrez-feminino-ombro-a-ombro-festa-junina.webp,"WHATSAPP:
Produto: Vestido Quadrilha Xadrez Feminino Ombro A Ombro Festa Junina
Preco: R$ 138.90
Link: https://meli.la/2qfVY84

PROMOBIT:
Vestido Quadrilha Xadrez Feminino Ombro A Ombro Festa Junina por R$ 138.90
https://meli.la/2qfVY84

INSTAGRAM:
Produto: Vestido Quadrilha Xadrez Feminino Ombro A Ombro Festa Junina
Preco: R$ 138.90
Link: https://meli.la/2qfVY84",pendente,2026-06-18 10:38,Pendente na fila: promoção forte: score 85 >= 85; link afiliado existe; preço válido R$ 138.90; preço confiável; tipo_promocao=oferta_do_dia; desconto 51%,
Penta Magnésio - Bisglicinato + Dimalato + Citrato + Taurato + Óxido De Magnésio - A Combinação Perfeita De 5 Magnésios Com Máxima Pureza E Biodisponibilidade - 60 Cápsulas Sem Sabor,MLB61669343,82.0,56.77,https://meli.la/21aAGxJ,ofertas,https://http2.mlstatic.com/D_Q_NP_2X_945958-MLA100297313496_122025-AB.webp,"WHATSAPP:
Produto: Penta Magnésio - Bisglicinato + Dimalato + Citrato + Taurato + Óxido De Magnésio - A Combinação Perfeita De 5 Magnésios Com Máxima Pureza E Biodisponibilidade - 60 Cápsulas Sem Sabor
Preco: R$ 56.77
Link: https://meli.la/21aAGxJ

PROMOBIT:
Penta Magnésio - Bisglicinato + Dimalato + Citrato + Taurato + Óxido De Magnésio - A Combinação Perfeita De 5 Magnésios Com Máxima Pureza E Biodisponibilidade - 60 Cápsulas Sem Sabor por R$ 56.77
https://meli.la/21aAGxJ

INSTAGRAM:
Produto: Penta Magnésio - Bisglicinato + Dimalato + Citrato + Taurato + Óxido De Magnésio - A Combinação Perfeita De 5 Magnésios Com Máxima Pureza E Biodisponibilidade - 60 Cápsulas Sem Sabor
Preco: R$ 56.77
Link: https://meli.la/21aAGxJ",pendente,2026-06-18 10:38,Pendente na fila: score 82 >= 70; link afiliado existe; preço válido R$ 56.77; preço confiável; tipo_promocao=oferta_relampago; desconto 40%,
Cinta Modeladora Redutora Feminina Mb 33 Barbatanas,MLB107833879506,82.0,165.89,https://meli.la/2fKKZPY,ofertas,https://http2.mlstatic.com/D_Q_NP_2X_859014-MLB107833879506_032026-AB-cinta-modeladora-redutora-feminina-mb-33-barbatanas.webp,"WHATSAPP:
Produto: Cinta Modeladora Redutora Feminina Mb 33 Barbatanas
Preco: R$ 165.89
Link: https://meli.la/2fKKZPY

PROMOBIT:
Cinta Modeladora Redutora Feminina Mb 33 Barbatanas por R$ 165.89
https://meli.la/2fKKZPY

INSTAGRAM:
Produto: Cinta Modeladora Redutora Feminina Mb 33 Barbatanas
Preco: R$ 165.89
Link: https://meli.la/2fKKZPY",pendente,2026-06-18 10:38,Pendente na fila: score 82 >= 70; link afiliado existe; preço válido R$ 165.89; preço confiável; tipo_promocao=oferta_do_dia; desconto 46%,
Desobstruidora De Alta Pressão Wap Wl 4200 Ultra 5 Pistões 2200w 1305psi 510l/h Com Jato Regulável E Motor De Indução 220v Cinza 60 Hz,MLB62043239,75.0,639.2,https://meli.la/1z1uHKY,ofertas,https://http2.mlstatic.com/D_Q_NP_2X_621336-MLA109109973389_032026-AB.webp,"WHATSAPP:
Produto: Desobstruidora De Alta Pressão Wap Wl 4200 Ultra 5 Pistões 2200w 1305psi 510l/h Com Jato Regulável E Motor De Indução 220v Cinza 60 Hz
Preco: R$ 639.20
Link: https://meli.la/1z1uHKY

PROMOBIT:
Desobstruidora De Alta Pressão Wap Wl 4200 Ultra 5 Pistões 2200w 1305psi 510l/h Com Jato Regulável E Motor De Indução 220v Cinza 60 Hz por R$ 639.20
https://meli.la/1z1uHKY

INSTAGRAM:
Produto: Desobstruidora De Alta Pressão Wap Wl 4200 Ultra 5 Pistões 2200w 1305psi 510l/h Com Jato Regulável E Motor De Indução 220v Cinza 60 Hz
Preco: R$ 639.20
Link: https://meli.la/1z1uHKY",pendente,2026-06-18 10:38,Pendente na fila: score 75 >= 70; link afiliado existe; preço válido R$ 639.20; preço confiável; tipo_promocao=oferta_relampago; desconto 64%,
Camisa Gola Polo Feminina Básica Algodão Social Uniforme,MLB112706258071,72.0,29.9,https://meli.la/25LbgmE,ofertas,https://http2.mlstatic.com/D_Q_NP_2X_965881-MLB112707298569_062026-AB-camisa-gola-polo-feminina-basica-algodo-social-uniforme.webp,"WHATSAPP:
Produto: Camisa Gola Polo Feminina Básica Algodão Social Uniforme
Preco: R$ 29.90
Link: https://meli.la/25LbgmE

PROMOBIT:
Camisa Gola Polo Feminina Básica Algodão Social Uniforme por R$ 29.90
https://meli.la/25LbgmE

INSTAGRAM:
Produto: Camisa Gola Polo Feminina Básica Algodão Social Uniforme
Preco: R$ 29.90
Link: https://meli.la/25LbgmE",pendente,2026-06-18 10:38,Pendente na fila: score 72 >= 70; link afiliado existe; preço válido R$ 29.90; preço confiável; tipo_promocao=oferta_do_dia; desconto 40%,
Kit 4-calças Jeans Ideal Trabalho Pesado Reforçada Elastano,MLB96292389413,78.0,180.14,https://meli.la/1LSNxQ6,ofertas,https://http2.mlstatic.com/D_Q_NP_2X_604924-MLB96292389413_102025-AB-kit-4-calcas-jeans-ideal-trabalho-pesado-reforcada-elastano.webp,"WHATSAPP:
Produto: Kit 4-calças Jeans Ideal Trabalho Pesado Reforçada Elastano
Preco: R$ 180.14
Link: https://meli.la/1LSNxQ6

PROMOBIT:
Kit 4-calças Jeans Ideal Trabalho Pesado Reforçada Elastano por R$ 180.14
https://meli.la/1LSNxQ6

INSTAGRAM:
Produto: Kit 4-calças Jeans Ideal Trabalho Pesado Reforçada Elastano
Preco: R$ 180.14
Link: https://meli.la/1LSNxQ6",pendente,2026-06-18 10:38,Pendente na fila: score 78 >= 70; link afiliado existe; preço válido R$ 180.14; preço confiável; tipo_promocao=oferta_relampago; desconto 20%,
Cadeira Escritorio Presidente Esteirinha Verita Rija Preto Couro Sintético,MLB54034711,82.0,486.28,https://meli.la/22wRoxv,ofertas,https://http2.mlstatic.com/D_Q_NP_2X_911162-MLA96153219369_102025-AB.webp,"WHATSAPP:
Produto: Cadeira Escritorio Presidente Esteirinha Verita Rija Preto Couro Sintético
Preco: R$ 486.28
Link: https://meli.la/22wRoxv

PROMOBIT:
Cadeira Escritorio Presidente Esteirinha Verita Rija Preto Couro Sintético por R$ 486.28
https://meli.la/22wRoxv

INSTAGRAM:
Produto: Cadeira Escritorio Presidente Esteirinha Verita Rija Preto Couro Sintético
Preco: R$ 486.28
Link: https://meli.la/22wRoxv",pendente,2026-06-18 10:38,Pendente na fila: score 82 >= 70; link afiliado existe; preço válido R$ 486.28; preço confiável; tipo_promocao=oferta_do_dia; desconto 42%,
Garrafa Térmica 1 Litro Com Termômetro Led Para Chás / Café,MLB77908142830,79.0,51.2,https://meli.la/2dJqhim,ofertas,https://http2.mlstatic.com/D_Q_NP_2X_658148-MLB89993492671_082025-AB-garrafa-termica-1-litro-com-termmetro-led-para-chas-cafe.webp,"WHATSAPP:
Produto: Garrafa Térmica 1 Litro Com Termômetro Led Para Chás / Café
Preco: R$ 51.20
Link: https://meli.la/2dJqhim

PROMOBIT:
Garrafa Térmica 1 Litro Com Termômetro Led Para Chás / Café por R$ 51.20
https://meli.la/2dJqhim

INSTAGRAM:
Produto: Garrafa Térmica 1 Litro Com Termômetro Led Para Chás / Café
Preco: R$ 51.20
Link: https://meli.la/2dJqhim",pendente,2026-06-18 10:38,Pendente na fila: score 79 >= 70; link afiliado existe; preço válido R$ 51.20; preço confiável; tipo_promocao=oferta_relampago; desconto 32%,
Camisa Gola Polo Masculina Pique Premium Algodão Confortável,MLB111509654802,82.0,34.8,https://meli.la/2VsGJb1,ofertas,https://http2.mlstatic.com/D_Q_NP_2X_689886-MLB112349827775_052026-AB-camisa-gola-polo-masculina-pique-premium-algodo-confortavel.webp,"WHATSAPP:
Produto: Camisa Gola Polo Masculina Pique Premium Algodão Confortável
Preco: R$ 34.80
Link: https://meli.la/2VsGJb1

PROMOBIT:
Camisa Gola Polo Masculina Pique Premium Algodão Confortável por R$ 34.80
https://meli.la/2VsGJb1

INSTAGRAM:
Produto: Camisa Gola Polo Masculina Pique Premium Algodão Confortável
Preco: R$ 34.80
Link: https://meli.la/2VsGJb1",pendente,2026-06-18 10:38,Pendente na fila: score 82 >= 70; link afiliado existe; preço válido R$ 34.80; preço confiável; tipo_promocao=oferta_do_dia; desconto 36%,
Calça Skinny Preta Rasgada Masculina Jeans C/ Elastano Lycra,MLB108875633353,82.0,60.7,https://meli.la/2E7Jqzk,ofertas,https://http2.mlstatic.com/D_Q_NP_2X_795719-MLB108102615694_032026-AB-calca-skinny-preta-rasgada-masculina-jeans-c-elastano-lycra.webp,"WHATSAPP:
Produto: Calça Skinny Preta Rasgada Masculina Jeans C/ Elastano Lycra
Preco: R$ 60.70
Link: https://meli.la/2E7Jqzk

PROMOBIT:
Calça Skinny Preta Rasgada Masculina Jeans C/ Elastano Lycra por R$ 60.70
https://meli.la/2E7Jqzk

INSTAGRAM:
Produto: Calça Skinny Preta Rasgada Masculina Jeans C/ Elastano Lycra
Preco: R$ 60.70
Link: https://meli.la/2E7Jqzk",pendente,2026-06-18 10:38,Pendente na fila: score 82 >= 70; link afiliado existe; preço válido R$ 60.70; preço confiável; tipo_promocao=oferta_do_dia; desconto 44%,
Jogo Toalhas Banho Grossas Macias Algodão 4pç Absorventes,MLB89374143383,79.0,94.9,https://meli.la/1dkDwMz,ofertas,https://http2.mlstatic.com/D_Q_NP_2X_785463-MLB89373964059_082025-AB-jogo-toalhas-banho-grossas-macias-algodo-4pc-absorventes.webp,"WHATSAPP:
Produto: Jogo Toalhas Banho Grossas Macias Algodão 4pç Absorventes
Preco: R$ 94.90
Link: https://meli.la/1dkDwMz

PROMOBIT:
Jogo Toalhas Banho Grossas Macias Algodão 4pç Absorventes por R$ 94.90
https://meli.la/1dkDwMz

INSTAGRAM:
Produto: Jogo Toalhas Banho Grossas Macias Algodão 4pç Absorventes
Preco: R$ 94.90
Link: https://meli.la/1dkDwMz",pendente,2026-06-18 10:38,Pendente na fila: score 79 >= 70; link afiliado existe; preço válido R$ 94.90; preço confiável; tipo_promocao=oferta_relampago; desconto 32%,
Conversor De Mídia Fibra Óptica Gigabit 1000mbps Rj45 A+b,MLB6664766808,79.0,73.36,https://meli.la/1UYcwBi,ofertas,https://http2.mlstatic.com/D_Q_NP_2X_791760-MLB109930050780_042026-AB-conversor-de-midia-fibra-optica-gigabit-1000mbps-rj45-ab.webp,"WHATSAPP:
Produto: Conversor De Mídia Fibra Óptica Gigabit 1000mbps Rj45 A+b
Preco: R$ 73.36
Link: https://meli.la/1UYcwBi

PROMOBIT:
Conversor De Mídia Fibra Óptica Gigabit 1000mbps Rj45 A+b por R$ 73.36
https://meli.la/1UYcwBi

INSTAGRAM:
Produto: Conversor De Mídia Fibra Óptica Gigabit 1000mbps Rj45 A+b
Preco: R$ 73.36
Link: https://meli.la/1UYcwBi",pendente,2026-06-18 10:38,Pendente na fila: score 79 >= 70; link afiliado existe; preço válido R$ 73.36; preço confiável; tipo_promocao=oferta_relampago; desconto 25%,
Chinelo Havaianas Dual Masculina,MLB71803949208,79.0,55.77,https://meli.la/2BtmpPX,ofertas,https://http2.mlstatic.com/D_Q_NP_2X_811667-MLB111909248453_052026-AB-chinelo-havaianas-dual-masculina.webp,"WHATSAPP:
Produto: Chinelo Havaianas Dual Masculina
Preco: R$ 55.77
Link: https://meli.la/2BtmpPX

PROMOBIT:
Chinelo Havaianas Dual Masculina por R$ 55.77
https://meli.la/2BtmpPX

INSTAGRAM:
Produto: Chinelo Havaianas Dual Masculina
Preco: R$ 55.77
Link: https://meli.la/2BtmpPX",pendente,2026-06-18 10:38,Pendente na fila: score 79 >= 70; link afiliado existe; preço válido R$ 55.77; preço confiável; tipo_promocao=oferta_do_dia; desconto 29%,
800mlgarrafa Térmica Água Squeeze Inox Academiaquente E Frio,MLB95848039523,82.0,32.95,https://meli.la/1Mv2M5D,ofertas,https://http2.mlstatic.com/D_Q_NP_2X_963485-MLB94579785063_102025-AB-800mlgarrafa-termica-agua-squeeze-inox-academiaquente-e-frio.webp,"WHATSAPP:
Produto: 800mlgarrafa Térmica Água Squeeze Inox Academiaquente E Frio
Preco: R$ 32.95
Link: https://meli.la/1Mv2M5D

PROMOBIT:
800mlgarrafa Térmica Água Squeeze Inox Academiaquente E Frio por R$ 32.95
https://meli.la/1Mv2M5D

INSTAGRAM:
Produto: 800mlgarrafa Térmica Água Squeeze Inox Academiaquente E Frio
Preco: R$ 32.95
Link: https://meli.la/1Mv2M5D",pendente,2026-06-18 10:38,Pendente na fila: score 82 >= 70; link afiliado existe; preço válido R$ 32.95; preço confiável; tipo_promocao=oferta_relampago; desconto 44%,
Vitamina D3 + K2 Menaquinona-7 - Fórmula Com Máxima Concentração E Biodisponibilidade - 60 Cápsulas Sem Sabor,MLB62162205,82.0,48.77,https://meli.la/1X53GK3,ofertas,https://http2.mlstatic.com/D_Q_NP_2X_977019-MLA100790399283_122025-AB.webp,"WHATSAPP:
Produto: Vitamina D3 + K2 Menaquinona-7 - Fórmula Com Máxima Concentração E Biodisponibilidade - 60 Cápsulas Sem Sabor
Preco: R$ 48.77
Link: https://meli.la/1X53GK3

PROMOBIT:
Vitamina D3 + K2 Menaquinona-7 - Fórmula Com Máxima Concentração E Biodisponibilidade - 60 Cápsulas Sem Sabor por R$ 48.77
https://meli.la/1X53GK3

INSTAGRAM:
Produto: Vitamina D3 + K2 Menaquinona-7 - Fórmula Com Máxima Concentração E Biodisponibilidade - 60 Cápsulas Sem Sabor
Preco: R$ 48.77
Link: https://meli.la/1X53GK3",pendente,2026-06-18 10:38,Pendente na fila: score 82 >= 70; link afiliado existe; preço válido R$ 48.77; preço confiável; tipo_promocao=oferta_relampago; desconto 45%,
Luva X11 Masculina Blackout 2 Touch Verão Motociclista Moto,MLB93930023177,73.0,85.43,https://meli.la/2qni48Z,ofertas,https://http2.mlstatic.com/D_Q_NP_2X_882170-MLB93930023177_102025-AB-luva-x11-masculina-blackout-2-touch-vero-motociclista-moto.webp,"WHATSAPP:
Produto: Luva X11 Masculina Blackout 2 Touch Verão Motociclista Moto
Preco: R$ 85.43
Link: https://meli.la/2qni48Z

PROMOBIT:
Luva X11 Masculina Blackout 2 Touch Verão Motociclista Moto por R$ 85.43
https://meli.la/2qni48Z

INSTAGRAM:
Produto: Luva X11 Masculina Blackout 2 Touch Verão Motociclista Moto
Preco: R$ 85.43
Link: https://meli.la/2qni48Z",pendente,2026-06-18 10:38,Pendente na fila: score 73 >= 70; link afiliado existe; preço válido R$ 85.43; preço confiável; tipo_promocao=oferta_do_dia; desconto 21%,
Capacete Moto Aberto New Liberty Three Viseira Cristal,MLB89460924740,79.0,108.7,https://meli.la/2acUtza,ofertas,https://http2.mlstatic.com/D_Q_NP_2X_754291-MLB89460924740_082025-AB-capacete-moto-aberto-new-liberty-three-viseira-cristal.webp,"WHATSAPP:
Produto: Capacete Moto Aberto New Liberty Three Viseira Cristal
Preco: R$ 108.70
Link: https://meli.la/2acUtza

PROMOBIT:
Capacete Moto Aberto New Liberty Three Viseira Cristal por R$ 108.70
https://meli.la/2acUtza

INSTAGRAM:
Produto: Capacete Moto Aberto New Liberty Three Viseira Cristal
Preco: R$ 108.70
Link: https://meli.la/2acUtza",pendente,2026-06-18 10:38,Pendente na fila: score 79 >= 70; link afiliado existe; preço válido R$ 108.70; preço confiável; tipo_promocao=oferta_do_dia; desconto 27%,
Jaqueta Feminina Puffer Frio Impermeável Bobojaco 46 Ao 52,MLB112061288981,79.0,113.62,https://meli.la/2Bn5Yi2,ofertas,https://http2.mlstatic.com/D_Q_NP_2X_742287-MLB112061288981_052026-AB-jaqueta-feminina-puffer-frio-impermeavel-bobojaco-46-ao-52.webp,"WHATSAPP:
Produto: Jaqueta Feminina Puffer Frio Impermeável Bobojaco 46 Ao 52
Preco: R$ 113.62
Link: https://meli.la/2Bn5Yi2

PROMOBIT:
Jaqueta Feminina Puffer Frio Impermeável Bobojaco 46 Ao 52 por R$ 113.62
https://meli.la/2Bn5Yi2

INSTAGRAM:
Produto: Jaqueta Feminina Puffer Frio Impermeável Bobojaco 46 Ao 52
Preco: R$ 113.62
Link: https://meli.la/2Bn5Yi2",pendente,2026-06-18 10:38,Pendente na fila: score 79 >= 70; link afiliado existe; preço válido R$ 113.62; preço confiável; tipo_promocao=oferta_relampago; desconto 33%,
Lavitan Vitamina Para Cabelos E Unhas Com 60 Cápsulas / Kit Com 3 Unidades De 60cps Sem Sabor,MLB29723565,87.0,34.99,https://meli.la/2kbSfNT,ofertas,https://http2.mlstatic.com/D_Q_NP_2X_780478-MLA100104346105_122025-AB.webp,"WHATSAPP:
Produto: Lavitan Vitamina Para Cabelos E Unhas Com 60 Cápsulas / Kit Com 3 Unidades De 60cps Sem Sabor
Preco: R$ 34.99
Link: https://meli.la/2kbSfNT

PROMOBIT:
Lavitan Vitamina Para Cabelos E Unhas Com 60 Cápsulas / Kit Com 3 Unidades De 60cps Sem Sabor por R$ 34.99
https://meli.la/2kbSfNT

INSTAGRAM:
Produto: Lavitan Vitamina Para Cabelos E Unhas Com 60 Cápsulas / Kit Com 3 Unidades De 60cps Sem Sabor
Preco: R$ 34.99
Link: https://meli.la/2kbSfNT",pendente,2026-06-18 10:38,Pendente na fila: promoção forte: score 87 >= 85; link afiliado existe; preço válido R$ 34.99; preço confiável; tipo_promocao=oferta_relampago; desconto 49%,
Desobstruidora De Alta Pressão Profissional Wap Wl 4500 Ultra 2200w 2000psi 500l/h Motor Indução 220v Cinza 60 Hz,MLB62042884,75.0,1359.2,https://meli.la/1kSEQi8,ofertas,https://http2.mlstatic.com/D_Q_NP_2X_664354-MLA108315302310_032026-AB.webp,"WHATSAPP:
Produto: Desobstruidora De Alta Pressão Profissional Wap Wl 4500 Ultra 2200w 2000psi 500l/h Motor Indução 220v Cinza 60 Hz
Preco: R$ 1359.20
Link: https://meli.la/1kSEQi8

PROMOBIT:
Desobstruidora De Alta Pressão Profissional Wap Wl 4500 Ultra 2200w 2000psi 500l/h Motor Indução 220v Cinza 60 Hz por R$ 1359.20
https://meli.la/1kSEQi8

INSTAGRAM:
Produto: Desobstruidora De Alta Pressão Profissional Wap Wl 4500 Ultra 2200w 2000psi 500l/h Motor Indução 220v Cinza 60 Hz
Preco: R$ 1359.20
Link: https://meli.la/1kSEQi8",pendente,2026-06-18 10:38,Pendente na fila: score 75 >= 70; link afiliado existe; preço válido R$ 1359.20; preço confiável; tipo_promocao=oferta_relampago; desconto 55%,
Kit 5 Cuecas Masculinas Dry Fit Lisas Variadas Microfibra,MLB109195889583,87.0,53.63,https://meli.la/1o87kYp,ofertas,https://http2.mlstatic.com/D_Q_NP_2X_935161-MLB109195889583_032026-AB-kit-5-cuecas-masculinas-dry-fit-lisas-variadas-microfibra.webp,"WHATSAPP:
Produto: Kit 5 Cuecas Masculinas Dry Fit Lisas Variadas Microfibra
Preco: R$ 53.63
Link: https://meli.la/1o87kYp

PROMOBIT:
Kit 5 Cuecas Masculinas Dry Fit Lisas Variadas Microfibra por R$ 53.63
https://meli.la/1o87kYp

INSTAGRAM:
Produto: Kit 5 Cuecas Masculinas Dry Fit Lisas Variadas Microfibra
Preco: R$ 53.63
Link: https://meli.la/1o87kYp",pendente,2026-06-18 10:38,Pendente na fila: promoção forte: score 87 >= 85; link afiliado existe; preço válido R$ 53.63; preço confiável; tipo_promocao=oferta_do_dia; desconto 41%,
"Baú Ativoauto De Alumínio 65l Para Moto, Preto, Com Encosto E Base Universal",MLB63648098,75.0,660.0,https://meli.la/1VLNjpi,ofertas,https://http2.mlstatic.com/D_Q_NP_2X_976573-MLA102988435785_122025-AB.webp,"WHATSAPP:
Produto: Baú Ativoauto De Alumínio 65l Para Moto, Preto, Com Encosto E Base Universal
Preco: R$ 660.00
Link: https://meli.la/1VLNjpi

PROMOBIT:
Baú Ativoauto De Alumínio 65l Para Moto, Preto, Com Encosto E Base Universal por R$ 660.00
https://meli.la/1VLNjpi

INSTAGRAM:
Produto: Baú Ativoauto De Alumínio 65l Para Moto, Preto, Com Encosto E Base Universal
Preco: R$ 660.00
Link: https://meli.la/1VLNjpi",pendente,2026-06-18 10:38,Pendente na fila: score 75 >= 70; link afiliado existe; preço válido R$ 660.00; preço confiável; tipo_promocao=oferta_relampago; desconto 67%,
Maquina Inversora De Solda Mig Sem Gás 130a 3 Em 1 Tig Lift Com Acessórios Amarelo The Black Tools 220v,MLB63419803,72.0,505.91,https://meli.la/1rBLoez,ofertas,https://http2.mlstatic.com/D_Q_NP_2X_757497-MLA102161920445_122025-AB.webp,"WHATSAPP:
Produto: Maquina Inversora De Solda Mig Sem Gás 130a 3 Em 1 Tig Lift Com Acessórios Amarelo The Black Tools 220v
Preco: R$ 505.91
Link: https://meli.la/1rBLoez

PROMOBIT:
Maquina Inversora De Solda Mig Sem Gás 130a 3 Em 1 Tig Lift Com Acessórios Amarelo The Black Tools 220v por R$ 505.91
https://meli.la/1rBLoez

INSTAGRAM:
Produto: Maquina Inversora De Solda Mig Sem Gás 130a 3 Em 1 Tig Lift Com Acessórios Amarelo The Black Tools 220v
Preco: R$ 505.91
Link: https://meli.la/1rBLoez",pendente,2026-06-18 10:38,Pendente na fila: score 72 >= 70; link afiliado existe; preço válido R$ 505.91; preço confiável; tipo_promocao=oferta_do_dia; desconto 42%,
